equation,v,d,pred_edges,pred_edges_lag,TP,FP,FN,TN,Precision,Recall,F1,TP_lag,FP_lag,FN_lag,TN_lag,Precision_lag,Recall_lag,F1_lag
1,2.5,3.0,2.0,2.0,2.0,0.0,0.0,4.0,1.0,1.0,1.0,2.0,0.0,0.0,118.0,1.0,1.0,1.0
2,2.5,3.0,3.5,3.5,3.0,0.5,0.0,2.5,0.875,1.0,0.9285714285714286,3.0,0.5,0.0,116.5,0.875,1.0,0.9285714285714286
3,2.5,3.0,3.0,4.75,2.625,0.375,0.375,2.625,0.8854166666666666,0.875,0.8738095238095238,2.0,2.75,2.0,113.25,0.2976190476190476,0.5,0.37272727272727274
4,2.5,3.0,4.0,4.5,3.0,1.0,0.0,2.0,0.75,1.0,0.8571428571428571,1.5,3.0,2.5,113.0,0.325,0.375,0.3472222222222222
5,2.5,6.0,5.25,5.25,2.0,3.25,4.0,20.75,0.38333333333333336,0.3333333333333333,0.356060606060606,1.0,4.25,5.0,589.75,0.19166666666666665,0.1666666666666666,0.17803030303030298
