scope,equation,v,d,pred_edges,pred_edges_lag,TP,FP,FN,TN,Precision,Recall,F1,TP_lag,FP_lag,FN_lag,TN_lag,Precision_lag,Recall_lag,F1_lag
overall_mean,3.142857142857143,2.5,3.4285714285714284,3.5357142857142856,4.178571428571429,2.607142857142857,0.9285714285714286,0.6785714285714286,5.214285714285714,0.7898809523809521,0.8690476190476188,0.8209338280766852,1.8571428571428572,2.3214285714285716,2.0,182.39285714285714,0.47312925170068015,0.5595238095238094,0.5066429602143888
